{
  "national": {
    "01-01": [
      {
        "title": "Confraternização Universal",
        "description": "Ano Novo - celebração mundial do início de um novo ano. Momento de renovação e planejamento de metas.",
        "type": "holiday"
      }
    ],
    "02-14": [
      {
        "title": "Dia dos Namorados (Internacional)",
        "description": "Valentine's Day - celebrado em diversos países como dia do amor e da amizade.",
        "type": "holiday"
      }
    ],
    "03-08": [
      {
        "title": "Dia Internacional da Mulher",
        "description": "Celebração das conquistas sociais, econômicas, culturais e políticas das mulheres.",
        "type": "holiday"
      }
    ],
    "04-21": [
      {
        "title": "Dia de Tiradentes",
        "description": "Homenagem a Joaquim José da Silva Xavier, mártir da Inconfidência Mineira.",
        "type": "holiday",
        "year": 1792
      }
    ],
    "05-01": [
      {
        "title": "Dia do Trabalho",
        "description": "Celebração das conquistas dos trabalhadores e dos movimentos sindicais.",
        "type": "holiday"
      }
    ],
    "06-12": [
      {
        "title": "Dia dos Namorados (Brasil)",
        "description": "Celebração brasileira do amor e da amizade, véspera do Dia de Santo Antônio.",
        "type": "holiday"
      }
    ],
    "09-07": [
      {
        "title": "Independência do Brasil",
        "description": "D. Pedro I proclamou a independência às margens do rio Ipiranga em São Paulo.",
        "type": "holiday",
        "year": 1822
      }
    ],
    "10-12": [
      {
        "title": "Nossa Senhora Aparecida",
        "description": "Padroeira do Brasil e Dia das Crianças.",
        "type": "holiday"
      }
    ],
    "11-02": [
      {
        "title": "Dia de Finados",
        "description": "Dia de homenagem aos entes queridos que já partiram.",
        "type": "holiday"
      }
    ],
    "11-15": [
      {
        "title": "Proclamação da República",
        "description": "Fim do Império e início da República no Brasil.",
        "type": "holiday",
        "year": 1889
      }
    ],
    "11-20": [
      {
        "title": "Dia da Consciência Negra",
        "description": "Homenagem a Zumbi dos Palmares e reflexão sobre a luta contra o racismo.",
        "type": "holiday"
      }
    ],
    "12-25": [
      {
        "title": "Natal",
        "description": "Celebração do nascimento de Jesus Cristo.",
        "type": "holiday"
      }
    ]
  },
  "states": {
    "SP": {
      "07-09": [
        {
          "title": "Revolução Constitucionalista de 1932",
          "description": "Feriado estadual de São Paulo em homenagem aos heróis de 1932.",
          "type": "holiday",
          "state": "SP",
          "year": 1932
        }
      ]
    },
    "RJ": {
      "11-20": [
        {
          "title": "Dia da Consciência Negra",
          "description": "Feriado estadual do Rio de Janeiro.",
          "type": "holiday",
          "state": "RJ"
        }
      ]
    },
    "MG": {
      "04-21": [
        {
          "title": "Tiradentes - Especial em Minas Gerais",
          "description": "Celebração especial do mártir mineiro em sua terra natal.",
          "type": "holiday",
          "state": "MG"
        }
      ]
    },
    "BA": {
      "07-02": [
        {
          "title": "Independência da Bahia",
          "description": "Celebração da vitória das tropas brasileiras contra os portugueses em 1823.",
          "type": "holiday",
          "state": "BA",
          "year": 1823
        }
      ]
    },
    "RS": {
      "09-20": [
        {
          "title": "Revolução Farroupilha",
          "description": "Dia do Gaúcho - celebração da cultura e história do Rio Grande do Sul.",
          "type": "holiday",
          "state": "RS",
          "year": 1835
        }
      ]
    },
    "SC": {
      "08-11": [
        {
          "title": "Criação da Capitania de Santa Catarina",
          "description": "Aniversário da criação da Capitania, separando-se de São Paulo.",
          "type": "historical",
          "state": "SC",
          "year": 1738
        }
      ]
    },
    "PR": {
      "12-19": [
        {
          "title": "Emancipação Política do Paraná",
          "description": "Separação do Paraná da província de São Paulo.",
          "type": "historical",
          "state": "PR",
          "year": 1853
        }
      ]
    }
  },
  "cities": {
    "SP": {
      "São Paulo": {
        "01-25": [
          {
            "title": "Aniversário de São Paulo",
            "description": "Fundação da cidade em 1554 por padres jesuítas José de Anchieta e Manoel da Nóbrega.",
            "type": "historical",
            "city": "São Paulo",
            "state": "SP",
            "year": 1554
          }
        ]
      },
      "Campinas": {
        "07-14": [
          {
            "title": "Aniversário de Campinas",
            "description": "Fundação do povoado de Campinas em 1774, hoje uma das principais cidades do interior paulista.",
            "type": "historical",
            "city": "Campinas",
            "state": "SP",
            "year": 1774
          }
        ]
      },
      "Santos": {
        "01-26": [
          {
            "title": "Aniversário de Santos",
            "description": "Fundação da cidade portuária de Santos em 1546 por Brás Cubas.",
            "type": "historical",
            "city": "Santos",
            "state": "SP",
            "year": 1546
          }
        ]
      },
      "Guarulhos": {
        "12-08": [
          {
            "title": "Aniversário de Guarulhos",
            "description": "Emancipação da cidade de Guarulhos, hoje segunda maior cidade de São Paulo.",
            "type": "historical",
            "city": "Guarulhos",
            "state": "SP",
            "year": 1560
          }
        ]
      },
      "Campos do Jordão": {
        "04-26": [
          {
            "title": "Aniversário de Campos do Jordão",
            "description": "Emancipação política de Campos do Jordão, a Suíça Brasileira.",
            "type": "historical",
            "city": "Campos do Jordão",
            "state": "SP",
            "year": 1874
          }
        ]
      },
      "Ribeirão Preto": {
        "06-19": [
          {
            "title": "Aniversário de Ribeirão Preto",
            "description": "Fundação de Ribeirão Preto, importante polo agroindustrial e tecnológico.",
            "type": "historical",
            "city": "Ribeirão Preto",
            "state": "SP",
            "year": 1856
          }
        ]
      },
      "Sorocaba": {
        "08-15": [
          {
            "title": "Aniversário de Sorocaba",
            "description": "Fundação de Sorocaba em 1654, cidade historicamente importante no ciclo tropeirista.",
            "type": "historical",
            "city": "Sorocaba",
            "state": "SP",
            "year": 1654
          }
        ]
      },
      "Bauru": {
        "08-01": [
          {
            "title": "Aniversário de Bauru",
            "description": "Fundação de Bauru em 1896, importante entroncamento ferroviário.",
            "type": "historical",
            "city": "Bauru",
            "state": "SP",
            "year": 1896
          }
        ]
      }
    },
    "RJ": {
      "Rio de Janeiro": {
        "03-01": [
          {
            "title": "Aniversário do Rio de Janeiro",
            "description": "Fundação da cidade maravilhosa em 1565 por Estácio de Sá.",
            "type": "historical",
            "city": "Rio de Janeiro",
            "state": "RJ",
            "year": 1565
          }
        ]
      },
      "Niterói": {
        "11-22": [
          {
            "title": "Aniversário de Niterói",
            "description": "Fundação de Niterói, cidade vizinha ao Rio de Janeiro.",
            "type": "historical",
            "city": "Niterói",
            "state": "RJ",
            "year": 1573
          }
        ]
      },
      "Petrópolis": {
        "03-16": [
          {
            "title": "Aniversário de Petrópolis",
            "description": "Fundação da cidade imperial de Petrópolis em 1843.",
            "type": "historical",
            "city": "Petrópolis",
            "state": "RJ",
            "year": 1843
          }
        ]
      }
    },
    "MG": {
      "Belo Horizonte": {
        "12-12": [
          {
            "title": "Aniversário de Belo Horizonte",
            "description": "Inauguração da capital planejada de Minas Gerais em 1897.",
            "type": "historical",
            "city": "Belo Horizonte",
            "state": "MG",
            "year": 1897
          }
        ]
      },
      "Ouro Preto": {
        "07-06": [
          {
            "title": "Aniversário de Ouro Preto",
            "description": "Fundação de Ouro Preto, patrimônio mundial da UNESCO e ex-capital de Minas Gerais.",
            "type": "historical",
            "city": "Ouro Preto",
            "state": "MG",
            "year": 1711
          }
        ]
      },
      "Uberlândia": {
        "08-31": [
          {
            "title": "Aniversário de Uberlândia",
            "description": "Emancipação de Uberlândia, importante polo econômico do Triângulo Mineiro.",
            "type": "historical",
            "city": "Uberlândia",
            "state": "MG",
            "year": 1888
          }
        ]
      }
    },
    "BA": {
      "Salvador": {
        "03-29": [
          {
            "title": "Aniversário de Salvador",
            "description": "Fundação da primeira capital do Brasil em 1549 por Tomé de Sousa.",
            "type": "historical",
            "city": "Salvador",
            "state": "BA",
            "year": 1549
          }
        ]
      },
      "Porto Seguro": {
        "04-22": [
          {
            "title": "Descobrimento do Brasil",
            "description": "Chegada das caravelas portuguesas em Porto Seguro em 1500.",
            "type": "historical",
            "city": "Porto Seguro",
            "state": "BA",
            "year": 1500
          }
        ]
      }
    },
    "RS": {
      "Porto Alegre": {
        "03-26": [
          {
            "title": "Aniversário de Porto Alegre",
            "description": "Fundação da capital gaúcha em 1772.",
            "type": "historical",
            "city": "Porto Alegre",
            "state": "RS",
            "year": 1772
          }
        ]
      },
      "Gramado": {
        "12-10": [
          {
            "title": "Aniversário de Gramado",
            "description": "Emancipação de Gramado, famosa cidade turística da Serra Gaúcha.",
            "type": "historical",
            "city": "Gramado",
            "state": "RS",
            "year": 1954
          }
        ]
      }
    },
    "PR": {
      "Curitiba": {
        "03-29": [
          {
            "title": "Aniversário de Curitiba",
            "description": "Fundação da capital do Paraná em 1693.",
            "type": "historical",
            "city": "Curitiba",
            "state": "PR",
            "year": 1693
          }
        ]
      },
      "Foz do Iguaçu": {
        "06-10": [
          {
            "title": "Aniversário de Foz do Iguaçu",
            "description": "Fundação da cidade das Cataratas do Iguaçu.",
            "type": "historical",
            "city": "Foz do Iguaçu",
            "state": "PR",
            "year": 1914
          }
        ]
      }
    },
    "SC": {
      "Florianópolis": {
        "03-23": [
          {
            "title": "Aniversário de Florianópolis",
            "description": "Fundação da Ilha de Santa Catarina, hoje capital do estado.",
            "type": "historical",
            "city": "Florianópolis",
            "state": "SC",
            "year": 1726
          }
        ]
      },
      "Blumenau": {
        "09-02": [
          {
            "title": "Aniversário de Blumenau",
            "description": "Fundação de Blumenau pelo Dr. Hermann Blumenau, cidade da Oktoberfest.",
            "type": "historical",
            "city": "Blumenau",
            "state": "SC",
            "year": 1850
          }
        ]
      }
    },
    "PE": {
      "Recife": {
        "03-12": [
          {
            "title": "Aniversário do Recife",
            "description": "Fundação da capital pernambucana em 1537.",
            "type": "historical",
            "city": "Recife",
            "state": "PE",
            "year": 1537
          }
        ]
      },
      "Olinda": {
        "03-12": [
          {
            "title": "Aniversário de Olinda",
            "description": "Fundação de Olinda, patrimônio histórico e cultural brasileiro.",
            "type": "historical",
            "city": "Olinda",
            "state": "PE",
            "year": 1535
          }
        ]
      }
    },
    "CE": {
      "Fortaleza": {
        "04-13": [
          {
            "title": "Aniversário de Fortaleza",
            "description": "Fundação da capital cearense em 1726.",
            "type": "historical",
            "city": "Fortaleza",
            "state": "CE",
            "year": 1726
          }
        ]
      }
    },
    "DF": {
      "Brasília": {
        "04-21": [
          {
            "title": "Inauguração de Brasília",
            "description": "Inauguração da capital federal do Brasil, projeto de Oscar Niemeyer e Lúcio Costa.",
            "type": "historical",
            "city": "Brasília",
            "state": "DF",
            "year": 1960
          }
        ]
      }
    },
    "AM": {
      "Manaus": {
        "10-24": [
          {
            "title": "Aniversário de Manaus",
            "description": "Elevação de Manaus à categoria de cidade em 1848.",
            "type": "historical",
            "city": "Manaus",
            "state": "AM",
            "year": 1848
          }
        ]
      }
    },
    "PA": {
      "Belém": {
        "01-12": [
          {
            "title": "Aniversário de Belém",
            "description": "Fundação da capital paraense em 1616.",
            "type": "historical",
            "city": "Belém",
            "state": "PA",
            "year": 1616
          }
        ]
      }
    },
    "GO": {
      "Goiânia": {
        "10-24": [
          {
            "title": "Aniversário de Goiânia",
            "description": "Fundação da capital planejada de Goiás em 1933.",
            "type": "historical",
            "city": "Goiânia",
            "state": "GO",
            "year": 1933
          }
        ]
      }
    },
    "ES": {
      "Vitória": {
        "09-08": [
          {
            "title": "Aniversário de Vitória",
            "description": "Fundação da capital capixaba em 1551.",
            "type": "historical",
            "city": "Vitória",
            "state": "ES",
            "year": 1551
          }
        ]
      }
    }
  }
}
